district,maternal_anemia_rate,newborn_stunting_risk,soil_zinc_deficiency,water_salinity_level
Dhaka,38.2,Medium,0,Low
Khulna,41.5,High,1,High
Sylhet,46.0,High,0,Low
Rajshahi,32.1,Medium,1,Low
Barisal,44.2,High,0,Medium
Chittagong,35.4,Medium,0,Medium
Rangpur,49.1,High,1,Low
Mymensingh,40.3,High,1,Low
